Case ID,Bridge Name,"Location (City/County, Country)","coordinates (lat, lon)",Confirmed Post-Incident Safety Actions,Incident Date,Incident Type,Cause of Incident,Damage Description,Duration of Service Disruption,Estimated Repair Cost,Source / Reference,Notes,
1,Mary's River Rail bridge,"Oregon, USA","44.554391, -123.269164",,"January 4, 2025",Fire,"A train bridge over the Marys River in Corvallis collapsed because of structural failure, sending one train car filled with agricultural materials into the river. ","A “structural failure” caused the Jan. 4 bridge collapse in Corvallis that sent two Portland & Western rail cars into the river, including one that was partially submerged in the river and one that was almost entirely submerged in the water.",,"The Portland & Western Railroad bridge over Mary's River is undergoing repairs, with an estimated cost of around $1 million.","Marys River train bridge in Corvallis collapses, one train car falls into river - oregonlive.com  https://www.chronline.com/stories/oregon-train-bridge-collapse-sent-150000-pounds-of-fertilizer-into-river,373467",,
2,I-75,"Michigan, USA","45.817059, -84.727822",,"March 22, 2025",Vehicle collision,The damage was caused by a truck that inexplicably had its bed raised high enough to make contact with the underside of the bridge as the vehicle passed below it,Significant damage that required full overpass closure and extensive repairs.,Closed for a weekend,,https://www.toledoblade.com/local/transportation/2025/03/22/bridge-strike-forces-closure-i75-between-both-i475-junctions/stories/20250322091,,
3,Parkersburg Railroad Bridges,"West Virginia, USA","39.271427, -81.5656405",The approach remained centered on maintaining vigilant routine inspections and ensuring rapid containment if future incidents occur.,"April 12, 2025",Vessel collision,Loose barge,"A barge got loose on the swollen Little Kanawha River and floated downstream. The vessel, loaded with what appeared to be sand or gravel, drifted downstream and struck the bridge piling of a railroad trestle at Parkersburg.",,N/A,https://wvmetronews.com/2024/04/12/loose-barge-strikes-railroad-bridge-in-wood-county/,,
4,Atchafalaya River railroad bridge,"Louisiana, USA","30.690745, -91.734257","The collision triggered swift safety inspections and an ongoing investigation. As of now, there is no evidence of permanent infrastructure upgrades (like fender systems or mooring improvements) at the Melville railroad bridge.","April 21, 2025",Vessel collision,The cause is still being investigated.,"A railroad bridge in St. Landry Parish was struck by a tugboat in the Atchafalaya River. Officials said the tugboat hit the railroad trestle in Melville while moving barges down the river. While there have been no immediate reports of injuries, officials have said there is significant damage to the barge it.",,N/A,https://www.klfy.com/local/st-mary-parish/tugboat-hits-railroad-bridge-in-melville-causing-significant-damage/ https://ktvz.com/cnn-regional/2025/04/22/atchafalaya-river-railroad-bridge-in-melville-hit-by-tugboat-us-coast-guard-investigating/,,
,I‑65 Overpass – Upper River Road,"Alabama, USA","32.864388, -86.605848",,"April 29, 2025",Vehicle collision,Miscalculation,"A tractor-trailer  hit a concrete overpass at Upper River Road while transporting an excavator. Inspection found damage to the concrete on all six bridge girders – the long, horizontal beams that support the bridge deck. However, in all but one girder, the steel rebar appeared intact",Temporary lane closure,"ALDOT negotiated for the repair to be performed as a $358,185 supplement to a pre-existing $16.1 million contract with Rogers Group for the ongoing resurfacing of I-65 in Morgan County.",https://www.waff.com/2025/04/29/alea-i-65-crash-caused-by-tractor-trailer-hitting-concrete-overpass/ https://www.yahoo.com/news/aldot-provides-upper-river-road-110211316.html?guccounter=1&guce_referrer=aHR0cHM6Ly93d3cuZ29vZ2xlLmNvbS8&guce_referrer_sig=AQAAAC-vAZzYKsjf5VNeJ-LJRdND_v15RMvIiMAxf-Gffn6F6cnIFaJu3d6XS1mexKHTM2QWm_heQWj15v3s15yf2jFUtzFzqTVMJqIIIQrNRnSv4jx10cSJ9cmSDYnlDEU8cuFsJJ4cWwveBPpXFIm45JAEajnTU0w0MhpoOV-M0b6v,,
5,Highway 80 at Vicksburg,"Mississippi, USA","32.31483, -90.90575","Regarding future prevention, no new barrier systems (like fenders or bollards) or operational changes have been publicly announced since this incident. However, the pre-existing upgrades—notably the underwater radar system installed in 2013—remain a key measure for improving navigation safety.","May 1, 2025",Vessel collision,High water flow,A tugboat was pushing 22 barges down the river when two broke off and crashed into the old Highway 80 bridge.,,N/A,https://www.wlbt.com/2025/05/01/barge-strikes-old-highway-80-bridge-vicksburg-no-injuries-reported/,,
6,Hood River–White Salmon Interstate Bridge,"Oregon, USA","45.718462, -121.494656","The new bridge is designed to be higher and feature wider spaces between its support columns. This eliminates the need for a central lift span present in the current bridge, providing a wider and safer passage for barges navigating the Columbia River underneath. Ahead of the replacement, coating condition assessments and engineering monitoring of the existing structure are planned from July–September 2025.","May 19, 2025",Vessel collision,"High wind gusts reportedly caused barge wires to part, necessitating a maneuver downstream to resecure the tow. ",A Shaver Transportation barge had made contact with the inside face of the northernmost lift span pier of the Hood River-White Salmon Interstate Bridge. the impact caused only superficial surface marring to the bridge pier and no structural damage.,Temporary closure,N/A,https://www.portofhoodriver.com/shaver-barge-incident-at-hood-river-bridge-results-in-minor-pier-damage-no-structural-concerns-identified,,
,Alaska Railroad Bridge over Talkeetna River,"Alaska, USA","62.32761710, -150.119016","Railroad staff had initiated a change order to widen the walkway on May 20, just a day prior to the collision","May 27, 2025",Vehicle collision,,"An ATV trespassed onto railroad bridge and was struck by a passing Alaska Railroad train, no reported damage to bridge structure.",,N/A,https://alaskapublic.org/news/public-safety/2025-05-27/alaska-railroad-train-strikes-atv-on-talkeetna-river-bridge?utm_source=chatgpt.com,,
7,Brooklyn Bridge collision,"New York, USA","40.706001, -73.997002",Immediate reactions prioritized safety and emergency response. Investigations are ongoing but yet to yield recommendations.Preventive steps remain speculative—no concrete improvements have been announced.,"May 17, 2025",Vessel collision,"The ship did not maneuver as planned, and travelled backwards under the nearby Brooklyn Bridge, crashing into the span.","The Mexican Navy ship Cuauhtémoc struck the Brooklyn Bridge while departing New York City. The ship's masts collided with the underside of the bridge, at around the height of her topgallant sails, causing the loss of her topmasts and resulting in two deaths and multiple injuries of people aboard the vessel. The Brooklyn Bridge sustained no major structural damage.",All lanes on both sides were briefly closed and reopened soon after the incdient.,N/A,https://en.wikipedia.org/wiki/Cuauht%C3%A9moc%E2%80%93Brooklyn_Bridge_collision,,
8,I-27 Bridge,Texas - USA,"34.36232, -101.76103",,"May 29, 2025",Vehicle collision,The cause is still being investigated.,"A portion of Interstate 27 near Tulia remains closed after a crane being hauled on a tractor-trailer crashed into an overpass, causing considerable damage Tuesday morning in Swisher County. The arm of a crane being hauled on a tractor-trailer collided with the FM 928 overpass, according to the Texas Department of Public Safety.",The overpass will be closed for the foreseeable future as damage is evaluated and repairs are made.,Not yet disclosed.,"Part of I-27 closed in Texas Panhandle after crane, overpass crash",,
9,Coffeeville River Bridge,"Alabama, USA","31.755291, -88.102027","Ongoing investigations may lead to future safeguards—but as of now, no concrete preventive measures (like structural installations or new regulations) have been publicly announced.","May 29, 2025",Vessel collision,The cause is still being investigated.,A barge broke loose from the others and struck the Coffeeville River Bridge. The extent of the damage to the structure was not clear. ,Drivers were rerouted. The roadway has been reopened after the bridge was inspected and deemed safe.,N/A,https://www.fox10tv.com/2025/05/29/barge-hits-bridge-clarke-county/,,
10,Rumson–Sea Bright Bridge,"New Jersey, USA","40.365982, -73.975807","The old bridge is about to be replaced. The new bridge will have modernized draw controls, improved structural integrity and wider structure and shoulders.","June 13, 2025",Vessel collision,Operator Lost directional control,A 56-foot recreational boat crashed into the Rumson-Sea Bright Bridge.,,N/A,https://maydaydigest.com/2025/06/13/50-foot-pleasure-boat-crashes-into-rumson-sea-bright-bridge-nj/,,
11,FM 1431 bridge,"Texas, USA","30.3929, -98.2545",,"July 5, 2025",Flood,"The FM 1431 bridge over Cow Creek, built in 1960 to connect Lago Vista and Marble Falls, was ripped apart by floodwaters. ",Flash floods severely damaged a bridge at Big Sandy Road and Round Mountain Road — the only way in and out of the neighborhood. Concrete slabs tossed into the creek bed like dominos.,Travis County is working with the state to craft a temporary crossing into the Sandy Creek community,Not yet disclosed.,https://www.kxan.com/news/local/travis-county/travis-county-bridge-damaged-by-floods-closed-community-cut-off/ https://www.kut.org/transportation/2025-07-10/fm-1431-cow-creek-bridge-lago-vista-marble-falls-sandy-creek-ranches-bridge-flooded-floods-july-fourth-fix,,
12,Joppa Iron Truss Bridge,"Texas, USA","30.824492871520242, -98.03241117575664",,"July 5, 2025",Flood,Catastrophic flooding washed away the Burnet County bridge.,"Flooding along the San Gabriel River Saturday morning swept away a historic bridge in Burnet County. the bridge once stood, only support piers remain. A section of the wooden bridge deck sat on top of tree branches along the riverbank. But the iron bridge structure that once spanned the river could not be seen nearby.",,N/A,https://www.fox7austin.com/news/watch-historic-bridge-washed-away-burnet-county-flooding https://www.kxan.com/weather/historic-bridge-swept-away-by-san-gabriel-river-flooding/,,
,Knik River Bridges (Glenn Highway),"Alaska, USA","61.5043831, -149.032270",,"January 24, 2024",Vehicle collision,Ice fog,"Dense ice fog drastically reduced visibility (~one vehicle length); a single vehicle spun on icy bridge, triggering a chain-reaction involving 37 vehicles.  Multiple vehicles involved; bridge deck had no reported structural damage, but roadway closures and significant traffic disruption occurred; injuries to ~13 people",Temporary road closure,N/A,https://alaskapublic.org/news/2024-01-25/glenn-highway-reopens-after-37-vehicles-crash-on-knik-river-bridges-injuring-13?utm_source=chatgpt.com,,
13,"Nuuanu Stream Bridge, Oʻahu","Hawaii, USA","21.32152778, -157.8488056","Temporary barrier repairs remain in place, but no permanent upgrades (e.g. fender systems, additional bollards, or navigational aids) have been publicly announced. Ongoing investigations by the Coast Guard and law enforcement may influence future safety measures, but as of now, no further public action has been disclosed.","January 29, 2024",Vessel collision,Unknown,"The vessel, Lady Anna, ran aground while attempting to dock at Pier 16, and made contact with the Nuuanu Stream Bridge causing damage to one section of the fence and bridge railing",,N/A,https://www.kitv.com/news/local/fishing-vessel-runs-aground-damages-nuuanu-stream-bridge-while-docking-at-honolulu-harbor/article_1f2e4fa6-bf1c-11ee-b8d9-8bb4b5421824.html,,
14,Francis Scott Key Bridge,Maryland-USA,"39.216944, -76.528611","The new bridge will include robust fendering systems and protective dolphins  to absorb and redirect ship impacts. A wider and taller clearance span for maritime traffic, reducing the chance of ship-bridge collisions. Expected to include real-time structural health monitoring systems to detect stress, vibrations, and possible early damage. modern engineering codes with redundant load paths.","March 26, 2024",Vessel collision,Loss of control at the crew's end that were operating the vessel.,"A large container ship, MV Dali, lost power and struck a support pier, causing the complete collapse of the bridge. Six men – all of them workers performing routine road maintenance – lost their lives",The collapse blocked most shipping to and from the Port of Baltimore for 11 weeks.,Maryland officials have said they plan to replace the bridge by fall 2028 at an estimated cost of $1.7 billion to $1.9 billion.,Francis Scott Key Bridge collapse - Wikipedia,"Maryland Governor Wes Moore called the event a ""global crisis"" that had affected more than 8,000 jobs.The economic impact of the closure of the waterway has been estimated at $15 million per day.","In 1980, a ship roughly one-third the size of Dali struck and lightly damaged one of the bridge's piers.[38][39][40] After the bridge collapsed in 2024, anonymous former agency officials told The Washington Post that the Maryland Transportation Authority (MDTA) did not consider studying the possibility of a collision with a larger ship, and instead spent decades studying how terrorists might attack the bridge after the September 11 attacks or inspecting for structural flaws similar to those that caused the I-35W Mississippi River bridge collapse in 2007."
15,Arkansas River bridge,"Oklahoma, USA","35.7067098, -95.153829",None reported—no structural changes or added navigational protections announced.,March 2024,Vessel collision,The cause of the collision is unknown.,The Oklahoma State Patrol said that it closed a highway south of Sallisaw after a barge struck a bridge over Arkansas River.,The highway was closed for few hours.,N/A,Arkansas River bridge struck by barge on Saturday - Oklahoma Energy Today,,
16,Sewickley Bridge,"Pennsylvania, USA","40.533310, -80.187857","There’s no indication that additional fender systems, upgraded bollards, or structural enhancements were installed at the Sewickley Bridge or nearby mooring areas following the incident.","April 1, 2024",Vessel collision,Barges broke loose from their moorings.,"26 barges broke loose from their moorings. The barges, primarily carrying non-hazardous dry cargo like coal, drifted down the rain-swollen river. Several became stuck at the Emsworth Lock and Dam, and at least one struck a pillar of the Sewickley Bridge.",The Sewickley Bridge was temporarily closed for inspections after being hit by a barge. It was reopened after inspections deemed it safe.,N/A,"Barges break loose on Ohio River in Pittsburgh, damaging a marina and striking a bridge | AP News",,
17,I-64/Sherman Minton bridge,"Indiana, USA","38.2784556, -85.8220389","INDOT continues with its standard bridge safety protocol, which includes periodic inspections and maintenance—but not specifically enhanced protections against waterborne vessel impacts",April 2024,Vessel collision,,a minor barge hit: non-structurally detrimental damage was visible,,,https://www.wishtv.com/news/i-team-8/some-indiana-bridges-face-risk-from-commercial-water-traffic-but-overall-danger-low/,,
18,I-95 Norwalk bridge,"Connecticut, USA","41.06270, -73.24374",,"May 2, 2024",Fire,"The I-95 bridge in Norwalk, Connecticut, collapsed due to a fiery crash involving a tanker truck carrying gasoline.","A motor vehicle collision involving a gas tanker caused a fire on I-95 in Norwalk, Connecticut. The bridge was heavily damaged by flames on Thursday morning after a three-vehicle collision caused a gas/petroleum tanker to burst into flames under the overpass.
","Within 80 hours, the damaged overpass was removed, and all lanes reopened, relieving the congestion but leaving Norwalk residents without a vital connection to the busy Route 1 corridor with no bridge over that section of highway.",I-95 Norwalk bridge repair estimated to cost $20 million,https://highways.dot.gov/newsroom/us-department-transportation-announces-3-million-quick-release-emergency-relief-funding-i95  https://www.wfsb.com/2024/05/06/i-95-norwalk-reopens-days-after-fiery-crash-work-far-over/,,
19,State Road 19 bridge on Lake Harris,"Florida, USA","28.739226, -81.766847","FDOT’s ongoing SR 19 bridge replacement project—which includes upgraded approaches, lighting, signage, and structural reinforcements—has been accelerated. It integrates additional safety buffers specifically to mitigate future vessel impacts.","May 6, 2024",Vessel collision,,A 19-foot aluminum boat with two men aboard struck the bridge,,,https://www.wesh.com/article/man-injured-lake-county-boat-crash/60700914,,
20,Fort Madison Toll Bridge,"Iowa, USA","40.62694, -91.29583","No public announcements have indicated installation of new navigational safeguards like fenders, dolphins, upgraded bollards, or traffic control systems at the bridge site.","May 9, 2024",Vessel collision,Barge became loose from the tow,"A barge struck the north side of the bridge shortly, leaving the swing gate bridge stuck in the open position.",Closed for few hours,,https://www.wgem.com/2024/05/09/fort-madison-bridge-shut-down-after-being-struck-by-barge/,,
21,J. Wilton Graves Bridge,"South Carolina, USA","32.225133, -80.781906",There's no available record of follow-up actions or long-term preventive measures taken afterward.,"May, 2024",Vessel collision,Unspecified,A barge pushed by a tug boat hit one of the fenders protecting the pilings on J. Wilton Graves Bridge on U.S. Highway 278 the ship struck and collapsed the fender of the bridge section,,,https://www.islandpacket.com/news/local/crime/article288431719.html,,
22,Pelican Island Causeway Bridge,"Galveston, Texas","29.2967, -94.7925",Replacement bridge is on the plans. The new design aims to eliminate outdated truss spans and improve overall structural resilience.,"May 15, 2024",Vessel collision,Tugboat coupling failed; a 321-ft fuel barge drifted and struck a bridge pier,"Bridge pier damaged, protection structure collapsed, debris in water",Road access disrupted for days; waterway closed within 6.5 miles for cleanup,$194M,"AP News, Reuters, YouTube",Only road access to Pelican Island; affected Texas A&M Galveston students and staff,
23,Burlington Northern Santa Fe Railroad Bridge,South Dakota,"45.624954771812, -122.69085476134886",,June 2024,Flood,"The bridge collapse was a direct result of the extreme flooding in the area, with the Big Sioux River reaching record high levels.",,,,"https://www.pbs.org/newshour/nation/railroad-bridge-between-south-dakota-and-iowa-collapses-among-midwest-flooding#:~:text=Turn%20on%20desktop%20notifications?,crest%20until%20later%20this%20week.",,
24,South Pine Channel Bridge,"Florida, USA","24.667228, -81.384908",Unspecified,July 2024,Vessel collision,High speed and DUI,The center console boat was traveling at a “high rate of speed” around 2 a.m. on Monday when it crashed into the South Pine Channel Bridge,,N/A,https://www.wesh.com/article/florida-keys-boat-crashes-into-bridge/61535470,,
,Northport (Tuscaloosa County) – 5th Street Bridge,"Alabama, USA","33.2193013, -87.580956",,"July 16, 2024",Vehicle collision,Mechanical failure,Northport bridge closed after vehicle crash. The driver slammed into the concrete guardrails. The hit was so powerful it sent chunks of concrete down below to the railroad tracks.,,,https://www.wbrc.com/2024/07/16/northport-bridge-closed-after-vehicle-crash/?utm_source=chatgpt.com,,
25,Memorial Bridge,"New Hampshire, USA","43.07938, -70.75255","Federal Highway Administration (FHWA) and bridge owner to conduct a quantitative risk evaluation—measuring factors like vessel traffic, pier resistance, and protective measures—and implement mitigation plans if needed.",June 2024,Vessel collision,Strong current,Read more at: https://www.islandpacket.com/news/local/crime/article288431719.html#storylink=cpy,,N/A,https://www.wmur.com/article/nh-no-injuries-reported-after-sailboat-hits-memorial-bridge-us-coast-guard-says/61123427,,
26,Howard Frankland Bridge area,"Florida, USA","27.9283833, -82.586239",Coast Guard and FDOT jointly re-evaluated barge placement zones near bridge foundations to minimize risk of vessel impacts. Verified fendering and pier protection systems.,July 2024,Vessel collision,Boat operator driving under influence,"A 20-foot vessel with two occupants collided with a barge, and an occupant fell into the water.",,,https://iontb.com/investigation-continues-following-a-boat-collision-near-the-howard-frankland-bridge/,,
27,Long Island Bridge,"Massachusetts, USA","42.309452, -70.979652",Unspecified,August 2024,Vessel collision,,a boat struck a stanchion left behind in Boston Harbor from a bridge that was demolished nearly a decade ago,,N/A,https://www.wcvb.com/article/boat-strikes-long-island-bridge-boston-harbor-injuries/61803689,,
28,Middle Thorofare Bridge,"New Jersey, USA","38.95497, -74.86977","The bridge has been officially limited to 15‑ton vehicle weights, restricting emergency vehicles like fire trucks and ambulances. Initial design phase is underway (fall 2024), and full replacement is scheduled for sometime after 2030.",August 2024,Vessel collision,A commercial fishing boat lost power and crashed into the bridge,A large fishing boat lost power and hit the Middle Thorofare Bridge,Overnight closure,N/A,https://www.nbcphiladelphia.com/news/local/middle-thorofare-bridge-jersey-shore-closed-again/3956970/,,
29,Former Long Island Bridge Piers,"Massachusetts, USA","42.3200, -70.9400","Emergency measures were immediate and effective.  Monitoring for pollution and potential hazards was conducted. No evidence of longer-term preventive initiatives like infrastructure improvements, navigational restrictions, or procedural safeguards has been announced.",August 2024,Vessel collision,,A boat crashed into part of the remains of the old Long Island Bridge in Boston Harbor.,,,https://www.nbcboston.com/news/local/boston-harbor-boat-incident/3451607/,,
30,Mendenhall River Bridge,"Alaska, USA",,,August 2024,Flood,,,,,,,
31,2 Mile Bridge,"New Jersey, USA","38.95605, -74.87405","Official follow-up has been limited to standard inspections ensuring the bridge’s structural integrity. There are no known updates from Cape May County, the New Jersey DOT, or Coast Guard regarding changes to navigation procedures or added protective infrastructure at the bridge site.

","August 30, 2024",Vessel collision,"90-foot fishing boat, the Jersey Cape, collided with the bridge after losing power","This mechanical failure rendered the bridge inoperable, forcing its closure to vehicular, pedestrian, and bike traffic.",The bridge was closed temporarily for repairs.,,https://catcountry1073.com/two-mile-bridge-hit-by-fishing-boat/,,
32,Fort Lauderdale bridge,"Florida, USA","26.100648, -80.118581",Any damaged fenders or pier bumpers were repaired or replaced to ensure structural protection before the broader rehabilitation work commenced.,"September 10, 2024",Vessel collision,May be mechanical or the high current.,"The 94-metre Feadship, delivered in 2021, was navigating the waterways when it wedged itself precariously close to the bridge, leaving onlookers both shocked and amused. Fortunately, the incident did not result in major damage to either the yacht or the bridge.",,,https://www.superyachtnews.com/fleet/viva-crashes-into-fort-lauderdale-bridge,,
,Glenn Highway,"Alaska, USA","61.504980, -149.008906",,"September 11, 2024",Fire,Vehicle collision,"A semi hauling double trailers merged, leading to a rear-end collision; one vehicle subsequently caught fire atop an overpass (no structural bridge damage reported)",Road closure ~3 hours,N/A,,,
33,Matanzas Pass Bridge,"Florida, USA","26.457455, -81.953643","Awareness was raised regarding the bridge’s precise clearance limits, especially for vessels with lengthy equipment.","September 17, 2024",Vessel collision,,"A shrimp boat collision with the Matanzas Pass Bridge in Fort Myers, Florida, temporarily disrupted traffic and marine activity on Monday morning.",Bridge closure for few hours.,,https://usattorneys.com/what-happened-when-a-shrimp-boat-hit-the-matanzas-pass-bridge-in-fort-myers-florida/,,
34,Hylebos Bridge ,"Washington, USA","47.277648, -122.394552",Fender system replacement completed. Infrastructure maintenance focus strengthened.,"September 24, 2024",Vessel collision,Incorrect Lineup Leads to Tugboat Damaging Hylebos Bridge Fender System,"The deteriorated fender system protecting the Hylebos Bridge in Tacoma, Washington, was damaged beyond repair last October after being struck by a tugboat assisting an articulated tug and barge, or ATB.",,The damaged south fender was replaced with a steel fender at an estimated cost of $2.43 million.,https://www.ntsb.gov/news/press-releases/Pages/NR20240924.aspx  https://www.marinelog.com/news/ntsb-incorrect-lineup-led-to-tugboat-strike-on-hylebos-bridge-fender-system/,,
35,Lake Lure Flowering Bridge,"North Carolina, USA","35.43632976989998, -82.2350048888648",,"September 24, 2024",Hurricane,The bridge was destroyed by the flooding of Hurricane Helene.,"The flood waters washed away the west riverbank, leaving no structure connecting the bridge to the land on the other side.",The bridge is closed to the public due to the damage and safety concerns.,,https://lakelurefloweringbridge.org/hurricane-helene-update/,,
36,Card Sound Bridge,"Florida, USA","25.287538, -80.368467",Unspecified,"October 31, 2024",Vessel collision,"Excessive boat speed, less visibility",A boat crashed into a piling near the Card Sound Road Bridge in Key Largo,,,https://www.local10.com/news/local/2024/10/31/several-hurt-after-boat-slams-into-key-largo-bridge-authorities-investigating/,,
37,Hanapepe Bridge,"Hawaii, USA","21.912570, -159.586858",Actions taken were limited to routine structural inspections and continued monitoring of bridge integrity.,"February 3, 2023",Vessel collision,Flood swollen river,"The bridge, which carries Hanapepe Road over the river, was struck by an empty, privately owned cargo container. The bridge wasn't damaged.",Temporary closure until investigated,N/A,https://www.freightwaves.com/news/kauai-bridge-not-damaged-by-floating-cargo-container,,
38,Lime City Road overpass,"Ohio, USA","41.53994372837243, -83.56755945972641",,"February 9, 2023",Vehicle collision,"Driving while disqualified, failure to stop, and overheight without a permit.","The bridge was struck and damaged by an over-height load, including a broken steel support beam. Debris also fell onto I-75, striking vehicles and causing injuries. ",The impact led to the closure of the bridge for repairs and traffic restrictions on I-75.,7.2M,https://www.transportation.ohio.gov/about-us/news/district-2/work-to-repair-lime-city-road-bridge-over-interstate-75-to-begin-in-march,,
39,Cape Coral Bridge,"Florida, USA","26.560767, -81.927553","Safety reminders were issued through FWC channels and local media, emphasizing: Maintaining safe speed near bridge piers, Wearing life jackets and monitoring vessel conditions.","February 23, 2023",Vessel collision,Unknown,"A boat traveling in the Caloosahatchee River struck the Cape Coral Bridge. After hitting the bridge, the vessel took on water and sank.",,N/A,https://www.spaglaw.com/blog/2023/02/boat-hits-cape-coral-bridge-in-florida/,,
,Cotton Lane Bridge,"Arizona, USA","33.388203, -112.424145",,"February 25, 2023",Vehicle collision,Fatigued driver,"Fatigued pickup-truck driver drifted into bike lane, striking a concrete barrier and group of bicyclists on the bridge",,,https://apnews.com/article/arizona-accidents-9dea443540560957b05c731279792e24,,
,Hillcrest Drive over Minnesota Drive Overpass,"Alaska, USA","45.0980719, -93.7457959",,"March 7, 2023",Vehicle collision,Miscalculation of the overhead bridge span,A commercial vehicle carrying heavy equipment was traveling northbound on Minnesota Drive when it collided with Hillcrest Drive overpass. Two steel girders beneath the bridge were damaged; inspection team reviewed condition before reopening; sidewalk shoulder closed temporarily.,A lengthy closure for a day,N/A,https://www.alaskasnewssource.com/2023/03/08/fatal-collision-closes-minnesota-drive-hillcrest/,,
,Shoal Creek Bridge,"Alabama, USA","30.267302, -97.750386",,"April 1, 2023",Flood,,Shoal Creek Bridge in rural Lauderdale County had to be closed after a barge was found resting against its supports when while water was high and running quickly,Temprary closure,,https://apnews.com/article/alabama-floods-jasper-3e6ceb2f16b21d56f8477ac5779435c7?utm_source=chatgpt.com,,
40,Railroad bridge on the Black Warrior River,"Alabama, USA","33.215390, -87.573764",Not specified,"April 11, 2023",Vessel collision,May be mechanical or human error.,A towing vessel collided with a railroad bridge on the Black Warrior River in Alabama. No damage was found on the vessel or bridge,,N/A,"https://www.politifact.com/article/2024/apr/04/two-ships-colliding-with-bridges-in-the-same-week/#:~:text=The%20presentation%20noted%20more%20than,Baird%20contributed%20to%20this%20report.",,
41,Sewickley Bridge,"Pennsylvania, USA","40.53277778, -80.18777780","No public record indicates implementation of permanent structural protections (e.g. fenders, dolphins, bollards) at the impacted bridge or nearby mooring areas.","April 13, 2023",Vessel collision,High current,"More than two dozen river barges broke loose from their moorings and floated down the Ohio River, damaging a marina and striking a bridge",Temporary closure until investigated,,https://www.weirtondailytimes.com/news/local-news/2024/04/ohio-river-near-pittsburgh-is-closed-as-crews-search-for-missing-barge-one-of-26-that-broke-loose/,,
42,Natchez-Vidalia Bridge,"Mississippi, USA","31.559129, -91.420065","There is currently no public indication of structural changes (e.g., fender systems or dolphins) at that bridge as a result. Maritime operators are encouraged to implement BRM-type crew training, which reinforces active monitoring, error-checking, and safety culture. ","April 23, 2023",Vessel collision,"The captain, intending to guide the tow via the western channel under the bridge, admitted that he was not attentive enough during the approach, which led to the tow being misplaced.",The incident resulted in one barge sinking and damage to two others,,$2M,https://gcaptain.com/captains-complacency-led-to-bridge-strike-on-mississippi-river/,,
,U.S. 191 Overpass over Interstate 10 – Willcox area,"Arizona, USA","32.26833307200801, -109.84306037817534",,May 2023,,,,,,,,
43,Eads Bridge,"Missouri, USA","38.629120, -90.178872","This incident led to significant enhancements in structural protection (fenders/dolphins), acknowledged gaps in operator knowledge (prompting recommendations), and improvements in rehabilitation efforts.",May 2023,Vessel collision,,A runaway barge hits Eads bridge. No damage was observed on the bridge.,Service was haulted till the time the bridge was investigated for its safety.,N/A,https://fox2now.com/news/missouri/barge-strikes-eads-bridge-metrolink-expects-delays/,,
44,Mackinac Bridge,"Michigan, USA","45.820487, -84.729136","No physical structural upgrades (e.g., fenders or span redesign) were recommended or undertaken following the incident.","May 7, 2023",Vessel collision,Errors by the captains,"A captain and barge company managers not identifying the crane they were towing was too high to pass under the Mackinac Bridge near Mackinaw City, Michigan led to the crane hitting the bridge.",,"$145,000",https://www.ntsb.gov/news/press-releases/Pages/NR20250210.aspx,,
45,Vaca Cut Bridge,"Florida, USA","24.730572, -81.029622",Actions remained focused on post-collision inspection and standard safety monitoring.,"May 24, 2023",Vessel collision,Unknown,A barge hit a bridge in the Florida Keys bridge.,No damage,N/A,https://www.miamiherald.com/news/local/community/florida-keys/article275761301.html,,
46,Boondocks Road Bridge,"Texas, USA","29.859087, -94.225115","Increased water patrols, Targeted BUI (Boating Under the Influence) enforcement.","May 24, 2023",Vessel collision,Driving under influence,"Lewis Newsom, 48, of Groves, was driving the boat shortly before sunset Friday when it struck the bridge on Boondocks Road at the North Fork of Taylor Bayou.",,N/A,https://kfdm.com/news/local/several-hurt-when-boat-hits-bridge-in-jefferson-county,,
,,,"34.108396, -109.248824",,May 2023,Vehicle  collision,Unknown,"A semi-truck crashed into a bridge pillar supporting U.S. 191 over I‑10, resulting in a fatality and substantial structural damage.",,$5.3M,https://www.kold.com/2024/08/06/bridge-over-i-10-southeast-arizona-completed-after-fiery-crash/?utm_source=chatgpt.com,,
47,Townsend’s Inlet Bridge,"New Jersey, USA","39.119695, -74.715766",Install or reinforce impact-absorbing fender systems around bridge piers to protect the structure from collisions and reduce damage to vessels.,"June 6, 2023",Vessel collision,Loss of situational awareness under low-light conditions,A 52-foot Viking Sky Bridge is shown after colliding with the Townsend’s Inlet Bridge causing it to sink in the Townsend’s Inlet,,N/A,https://midjersey.news/2023/06/06/52-foot-viking-sinks-after-colliding-with-townsends-inlet-bridge/,,
48,Interstate 95 highway,"Pennsylvania, USA","36.87814985093392, -77.40378934831816",,"June 11, 2023",Fire,"Driver's failure to slow down on an exit ramp, leading to the truck overturning and igniting.","A tanker truck carrying gasoline caught fire beneath the overpass that carries Interstate 95. The extreme heat caused the northbound lanes to collapse and damaged the southbound lanes, closing roughly nine miles (14 km) of both directions of I-95, between the Betsy Ross Bridge/Aramingo Avenue (exit 26) and PA 63/Woodhaven Road (exit 35).","The swift construction of a temporary roadway enabled traffic to resume on June 23, less than two weeks after the fire.","The repair cost for the I-95 bridge in Philadelphia, PA, following the June 2023 collapse, is estimated to be between $25 million and $30 million.",https://en.wikipedia.org/wiki/2023_Interstate_95_highway_collapse,,
49,William B. Umstead Bridge,"North Carolina, USA","35.895489, -75.629988","Safety efforts appear to have focused on immediate inspection and monitoring, with no indication of long-term upgrades tied to this event.","June 15, 2023",Vessel collision,"Engine trouble, causing the boat to lose power.",A boat crashed into Old Manns Harbor Bridge. The momentum and the current then pushed the boat into the bridge and caused the vessel’s flying bridge to collapse onto two people who were on board.,,,"https://www.wnct.com/news/north-carolina/1-injured-after-boat-crashes-into-old-manns-harbor-bridge-in-dare-county/#:~:text=1%20injured%20after%20boat%20crashes%20into%20Old%20Manns%20Harbor%20Bridge%20in%20Dare%20County,-by:%20Courtney%20Ingalls&text=DARE%20COUNTY%2C%20N.C.%20(WAVY),What%20is%20your%20feedback?",,
50,Yellowstone River Bridge,"Montana, USA","46.85608534277617, -105.11731077292052",,"June 24, 2023",Structure failure,"The cause of the collapse is under investigation, but some experts have suggested that repeated years of heavy river flows may have eroded the river bottom and weakened the bridge structure.","A bridge that crosses the Yellowstone River collapsed, causing several cars of a freight train carrying hazardous materials to fall into the water below. The incident resulted in environmental concerns and internet service disruptions in the state.The derailment caused various environmental concerns and disrupted transportation and internet services.",28-day Outage: This means train service was officially restored 28 days after the collapse.,The cost to replace the Yellowstone River Bridge near Tower Junction in Yellowstone National Park is $118 million.,2023 Yellowstone River train derailment - Wikipedia,,
51,Cement Bridge,"Georgia, USA","31.7468845, -81.254269",Unspecified,"June 1, 2023",Vessel collision,,A single vessel struck the underside of a cement bridge at night. The operator fatally struck his head. The vehicle of injury: most likely head trauma—not a structural collapse. ,,N/A,https://boattest.com/article/accidents-week-july-15-2023?utm_source=chatgpt.com,,
52,Brooklyn Bridge,"New York, USA","40.7061, -73.9969",The bridge's design and existing safety measures were deemed sufficient to handle the impact.  The NYCDOT continues to monitor the bridge's condition through regular inspections and maintains existing safety protocols to mitigate the risk of future collisions.,"July 1, 2023",Vessel collision,"The collision was caused when the ship's master incorrectly calculated the crane's height as the barge moved north, leading to the crane contacting the underside of the bridge.",The Brooklyn Bridge survived a close call Wednesday morning after it was struck by a crane that damaged an I-beam underneath its iconic Gothic frame. The damage was not structural and “didn’t impact the integrity” of New York City’s oldest and most storied suspension bridge,No closure,N/A,https://nypost.com/2023/07/19/close-call-on-brooklyn-bridge-after-crane-on-barge-hits-splits-i-beam/,,
53,State Highway 155 bridge over Lake Palestine,"Texas, USA","32.144502, -95.473657","Post-impact structural inspections were conducted, and the bridge was deemed safe with no repairs required.","August 20, 2023",Vessel collision,"Human error, equipment failure, weather conditions.","A small recreational boat hit a pillar on the State Highway 155 bridge. After the impact, the driver was ejected from the boat and killed.",,,"https://www.spaglaw.com/blog/2023/08/boating-accident-on-lake-palestine-texas/#:~:text=There%20was%20a%20boating%20accident,impacted%20by%20this%20deadly%20crash.",,
54,Hylebos Bridge ,"Washington, USA","47.277714, -122.394519","Fender system replacement, Enhanced inspection protocols. The deteriorated wooden fender system, which failed to properly absorb impact, was completely replaced with a more robust steel fender system","October 12, 2023",Vessel collision,Human error ,"The captain of an articulated tug and barge (ATB) failed to line up his vessel correctly while approaching the Hylebos Bridge in Tacoma, Washington, last year, causing an assisting tugboat to strike the bridge’s already deteriorated fender system.  The fender system required replacement",,$2.43M,https://gcaptain.com/captain-error-leads-to-tugboat-striking-bridge-fender-ntsb-report-finds/,,
55,Columbia River – Port Westward Beaver Dock,"Oregon, USA","46.180356, -123.181980","This incident focused entirely on human factors and onboard alert systems. There were no physical or structural bridge upgrades—such as fendering, bollards, or pier protections","November 12, 2023",Vessel collision,Human error.,The towing vessel was pushing the loaded deck barge St. John up the Columbia River when the tow gradually moved to starboard out of the channel and struck the Port Westward Beaver Dock.,,$6M,https://professionalmariner.com/deck-hand-asleep-at-helm-led-to-columbia-river-dock-strike/,,
56,Fern Hollow Bridge,"Pittsburgh, Pennsylvania - USA","40.439635155663254, -79.9004126039625",,", ",Structure failure,"The Fern Hollow Bridge in Pittsburgh collapsed on January 28, 2022, due to extensive corrosion and section loss in the bridge's southwest leg, specifically within the transverse tie plate. This failure occurred because of clogged drains, which led to water and debris accumulation at the base of the legs, preventing the development of a protective rust layer and accelerating corrosion.","Under the road deck, the bridge carried a 16-inch (41 cm) natural gas pipeline, which severed in the collapse. Local residents were evacuated from their homes in response to reports of a ""massive leak"" and strong scent of natural gas. Officials shut down the gas lines in the area within a half hour of the collapse.","The service disruption lasted roughly 11 months initially, followed by a shorter closure later for final completion.",$25.3 million,Fern Hollow Bridge - Wikipedia,,
57,"U.S. 51 ""Cairo"" Bridge","Kentucky, USA","36.993818, -89.146196",KYTC initiated emergency repair planning focused on steel railing and sidewalk support replacements.Repairs are being expedited using an existing maintenance contract to enable quick mobilization.Traffic control measures (barriers and lane management) were implemented to ensure safe repair work without full bridge closures.,"February 18, 2022",Vessel collision,Unspecified,The tow boat was downbound on the Ohio River attempting to make the turn to head upstream on the Mississippi River when the tow hit one of the right descending piers of the bridge.,Close to traffic for sometime.,,https://content.govdelivery.com/accounts/KYTC/bulletins/30b3bbb,,
58,Savanna-Sabula Bridge,"Illinois, USA","42.104246, -90.159019","Authorities opted for a complete replacement of the aging bridge. The new, modern structure significantly reduces the likelihood of vessel collisions by offering safer width, clearance, and structural resilience.",April 2022,Vessel collision,High current,Several barges broke free from their tow and struck the support pillars,Closed for 3 hours,,https://www.wqad.com/article/news/local/barge-strikes-savanna-sabula-bridge/526-53abfe71-b41d-4122-8e64-a9375214486a,,
59,Cato bridge,"Florida, USA","26.952753, -80.078435",,May 2022,Vessel collision,,A pontoon boat filled with people was crushed as a drawbridge began to lift.,,,https://www.maselaw.com/news/florida-drawbridge-crushes-pontoon-boat-as-boaters-escape/,,
60,Point of Rocks bridge,"Montana, USA","39.273148406056535, -77.54495531751537",,June 2022,Flood,"Rain storms caused the area to flood, washing out many roads and bridges.","A portion of the Point of Rocks Bridge broke, creating an impassable gap that forced the closure of US 89 for several weeks.",Road closure for a week until temporarily repaired.,,https://www.bozemandailychronicle.com/news/environment/over-the-yellowstone-point-of-rocks-bridge-in-paradise-valley-repaired-carbella-still-under-water/article_20669a92-fc06-11ed-9ba3-4f992b2b0fd5.html,,
61,Townsends Inlet Bridge,"New Jersey, USA","39.119712, -74.715701","The primary response focused on search and rescue, vessel salvage, and bridge safety inspection.",July 2022,Vessel collision,Strong currents,A Jersey Shore charter boat that began to sink after hitting the Townsends Inlet Bridge linking Sea Isle City and Avalon Monday night has been towed to a marina and hauled from the water  for repairs.,,,https://www.nj.com/cape-may-county/2022/07/charter-boat-that-hit-jersey-shore-bridge-started-to-sink-hauled-to-marina-for-repairs.html,,
62,Sanibel Causeway bridge,"Florida, USA","26.47552238341936, -82.02620595122802",,September 2022,Hurricane,"The powerful storm, Hurricane Ian, which made landfall as a Category 4 hurricane on September 28th, washed away sections of the bridge and its approaches.","In September 2022, Hurricane Ian destroyed the causeway, cutting off Sanibel and Captiva Islands from the rest of the state of Florida and leaving residents stranded. Two portions of the ramp and a section of roadway that crossed an island in the middle of the causeway washed away in the storm. This damage effectively cut off Sanibel Island from the Florida mainland, making it inaccessible by car.","Emergency repairs were completed in October 2022, restoring access to the island, but further restoration and strengthening of the causeway is ongoing.",$328 million,Florida’s $328M Sanibel Causeway restoration completed | Construction Dive,,
63,Temporary bridge over Guaonica River,"Puerto Rico, USA","18.25765333782692, -66.7243783469667",,"September 19, 2022",Hurricane,"A temporary metal bridge in Puerto Rico, built in the wake of Hurricane Maria, was swept away in the rushing floodwaters of Hurricane Fiona.","Clattering metal was heard as the bridge comes loose and then flows downstream in one piece, whisked away by the current.",,,https://www.nbcnews.com/news/us-news/puerto-rico-bridge-built-wake-hurricane-maria-swept-away-fiona-floodwa-rcna48354,,
64,Shady Grove Bridge,"Missouri, USA","39.128033118043966, -77.17271586869245",,"October 1, 2022",Structure failure,"A bridge under construction in Clay County, Missouri, collapsed due to a faulty design of the temporary support structure (falsework) that was unable to support the weight of the wet concrete being poured.","Shady Grove Bridge, which crosses Carroll Creek at Northeast 148th Street near Kearney, collapsed while concrete pouring stage. The collapse sent tons of metal rebar, shattered wood forms, and wet concrete pouring into Carroll Creek.",,,https://abcnews.go.com/US/dead-injured-missouri-bridge-collapses-construction/story?id=92148210 https://www.kctv5.com/2025/05/04/men-injured-deadly-bridge-collapse-sue-clay-county-companies-involved/,,
65,Ellender Bridge,"Louisiana, USA","30.065792, -93.347769","While the bridge was safely deemed operational with no repairs needed, no proactive upgrades or additional protective infrastructure were installed following this minor collision.","November 1, 2022",Vessel collision,Speed of the towboats and potential errors by the captains.,"A tug boat moving a tank, hit the bridge, the tank was rubbing the top of the bridge. The tugboat hit the bridge and it just kept on going. The bridge had minor damage.",,,https://www.kplctv.com/2022/11/02/ellender-bridge-suffered-minor-structural-damage-when-hit-by-barge/,,
66,CSX Rigolets Swing Bridge,"Louisiana, USA","30.157672, -89.630830",This case focused on bridge operating procedures and lighting improvements. No reports indicate structural modifications like enhanced fenders or dolphins were added to the bridge.,"January 12, 2021",Vessel collision,Poor communication between the bridge operator and vessel operator. Contributing to the accident was the absence of bridge span navigational lighting that would have provided the vessel operators with a visual indication of the bridge’s opening status.,"An empty hopper barge, pushed by the towing vessel Robert Cenac, struck the CSX Railway Rigolets swing bridge.",,$1.1M,https://www.marinelog.com/news/poor-communication-blamed-in-1-1-million-barge-strike-on-bridge/,,
67,Vermont covered bridge,"Vermont, USA","44.916606335705836, -72.39614524604697",,"February 8, 2021",Fire,This covered bridge over the Missisquoi River in Troy collapsed following a blaze that started when a snowmobile caught file while crossing.,"Firefighters knocked down most of the blaze within 20 minutes, but the bridge’s beams gave out. The 121-year-old structure collapsed in the frozen river, a total loss.",,N/A,https://vtdigger.org/2021/02/09/troy-covered-bridge-fire-a-tragedy/ https://newsroom.ap.org/editorial-photos-videos/detail?itemid=e4f8aea7381247458c3cc778f457f630&mediatype=video&source=youtube,,
68,I‑155 Bridge near Dyersburg,"Tennesse, USA","36.089988, -89.565793","The response prioritized swift safety checks and reopening of the bridge. However, there have been no confirmed long-term preventive actions—such as structural fortifications or navigation safeguards—reported since the incident.","February 26, 2021",Vessel collision,,Barge hits Mississippi River bridge in Dyer County,The Tennessee Highway Patrol shut down both directions of I-155 in Dyer County closed at the Missouri-Tennessee state line around 10:30 a.m. It reopened around noon.,N/A,https://www.actionnews5.com/2021/02/26/barge-hits-mississippi-river-bridge-dyer-county/?utm_source=chatgpt.com,,
69,Burlington Northern Railroad Bridge,"Iowa, USA","45.580326, -122.748315",This incident underscores that human oversight and ECS use—not physical infrastructure—were the primary failures.,"April 11, 2021",Vessel collision,"The tow's pilot and captain ""incorrectly identified"" a caution area on the vessel’s electronic chart system (ECS) before pushing the tow up against a riverbank too close to a railroad track, leading to a train derailment near Galland, Iowa.","A barge struck a railroad bridge pier, causing track misalignment and temporary closure.",,N/A,https://www.railwayage.com/regulatory/ntsb-incorrectly-identified-caution-area-led-to-bnsf-derailment/,,
70,Duquesne-McKeesport Bridge,"Pennsylvania, USA","40.356685, -79.843454","PennDOT engineers monitored the bridge's bearings, which are critical components that support the bridge's structure. No movement was detected in these bearings, indicating that the bridge remained structurally sound.","May 6, 2021",Vessel collision,Loose barge,One barge broke loose from a towboat and hit the span. Minor damage to the pier.,,N/A,https://www.post-gazette.com/local/east/2021/05/06/Duquesne-McKeesport-Bridge-closed-barge-strike-traffic-Pittsburgh-detour-Great-Allegheny-Passage-PennDOT-Connecting-Railroad-Bridge/stories/202105060101,,
71,I-10 Bridge,"Texas, USA","29.792832, -95.062980",The NTSB recommended that marine operating companies develop and continuously evaluate severe weather plans to prepare for challenges associated with tropical storms and flooding.,"June 22, 2021",Vessel collision,Severe rainfall and flooding from Tropical Storm Imelda led to barges breaking away from their moorings and striking the Interstate 10 bridge,"11 barges broke free from a San Jacinto River barge fleeting area north of the I-10 bridge in Channelview during Tropical Storm Imelda, the fifth-wettest tropical cyclone on record in the continental United States. Six barges struck pier columns supporting the I-10 bridge",,$5.46M,https://www.ntsb.gov/news/press-releases/Pages/mr20210622.aspx,,
72,Pedestrian bridge,"Washington D.C, USA","38.88936377332854, -76.96000766845647",,"June 22, 2021",Vehicle collision,"A collision pulling the bridge off its mooring was the main cause of the incident although the bridge received a 4, or ""poor,"" rating after it was inspected in February.","A pedestrian bridge crashed down onto traffic on DC-295 in Northeast Washington, D.C., after a crash Wednesday. The bridge was on top of three lanes of the roadway. Fencing hung over three lanes of traffic in the opposite direction. Slabs of concrete and metal fencing were piled over a truck at one end of the bridge, which appeared to have completely detached from a staircase and platform.",,,,,
73,Chatham Parkway at I-16 overpass,"Georgia, USA","32.41616548583229, -82.38190360249068",,"July 15, 2021",Vehicle collision,"An unusual crash in South Georgia shut down I-16, a major highway between Macon and Savannah, after the trailer of a dump truck struck an overhead bridge with enough force to shift the bridge deck by several feet.","The crash resulted in the closure of I-16 westbound and the Chatham Parkway overpass. Three beams on the bridge were significantly damaged and had to be removed. A pickup truck driver behind the excavator was injured by flying debris, and the driver of the tractor-trailer also sustained injuries. ","Since the accident, the four-lane bridge has been reduced to a single lane in each direction as drivers complain of traffic backups and increased travel times.",The repair cost for the I-16 bridge on Chatham Parkway after an accident is estimated to be around $3.6 million for a full replacement. This cost is specifically for the replacement of the bridge damaged in the accident.,https://www.savannahnow.com/picture-gallery/news/traffic/2024/07/11/chatham-parkway-overpass-damaged-after-heavy-equipment-crash-on-i-16/74374995007/  https://www.wtoc.com/2025/02/10/repairs-begin-chatham-pkwy-bridge-over-i-16/,,
74,Poudre Canyon bridge,"Colorado, USA","40.698835982405235, -105.62398334661891",,July 2021,Flood,"Flash flooding in Poudre Canyon caused significant damage, including the destruction of at least one bridge.","Roads, bridges, and culverts were washed out,",,$1.7M,https://www.coloradoan.com/story/news/2021/07/21/poudre-flooding-live-updates-what-we-know-wednesday-poudre-canyon-flood/8038523002/,,
75,Medford bridge,"Massachusetts, USA","42.417677279311796, -71.11017118851487",,July 2021,Vehicle collision ,"The truck, owned by Dove Transportation of Alabama, was hauling a water clarifying tank that was 9 inches higher than permitted and was traveling on an unapproved route, violating its permit.","The crash damaged the structural beams and a section of the bridge deck, forcing the closure of I-93 southbound and leading to significant traffic delays for commuters. The fascia beam on the inside of this bridge was completely flattened. It was nearly torn in half.","Roosevelt Circle was operational, but with narrower lanes because crews removed eight to 10 feet of roadway during repairs. ",$1M,https://www.wbur.org/news/2021/07/26/smashed-i-93-overpass-could-cost-1-million-to-fix,,
76,Sunrise Boulevard Bridge,"Florida, USA","26.138231, -80.108473",Unspecified,November 2021,Vessel collision,,137-foot vessel struck the Sunrise Boulevard Bridge and became wedged under it,,N/A,https://wsvn.com/news/local/broward/yacht-hits-sunrise-blvd-bridge-in-fort-lauderdale-no-reported-injuries/,,
77,LA Route 182 Bridge,"Louisiana, USA","29.696739, -91.214204",Structural repairs focused on restoring the integrity of the impacted spans and supports.,December 2021,Vessel collision,"Loss of control of the tow by the pilot at the helm of the towing vessel, likely due to impairment by factors such as fatigue or drug use.","A Louisiana barge tow struck and damaged a bridge's fender. When the tow struck the bridge, water, electrical and gas lines along the bridge ruptured, triggering alarms at the utility providers.",,$2M,https://professionalmariner.com/ntsb-towboat-pilot-never-reported-hitting-louisiana-bridge/,,
78,Carroll Cropper Bridge,"Kentucky, USA","39.103291, -84.824879","In the aftermath, discussions have centered around enhancing bridge safety and preparedness for similar incidents.",January 2020,Vessel collision,Unknown,"A Tennessee Valley Towing vessel was traveling northbound during the early morning hours when it struck the bridge, causing some of the barges to separate from the vessel. No damage to the bridge",Closure for few hours.,N/A,https://www.eaglecountryonline.com/news/local-news/coast-guard-on-scene-after-coal-barge-hits-carroll-cropper-bridge/,,
79,Vine Street Expressway (I-676),"Pennsylvania, USA","39.953050, -75.134016","Enhanced Communication Protocols, Increased Monitoring, Public Awareness Campaigns",August 2020,Vessel collision,Tropical Storm Isaias,"The barges were displaced from their moorings near the Philadelphia Museum of Art and floated down the river, colliding with the north side of the Vine Street Expressway Bridge. The only thing they noticed was a bent stiffener bracket, which is not threatening the structure's integrity. ",The bridge was closed to traffic and SEPTA service,N/A,https://www.nbcphiladelphia.com/news/transportation-and-transit/vine-street-expressway-bridge-barges-closure-schuylkill-river/2491607/,,
80,U.S. 68 Eggners Ferry Bridge ,"Kentucky, USA","36.772856, -88.120507",Increased Inspection Frequency,October 2020,Vessel collision,Windy conditions pushed a tow of six empty barges into the left descending main pier of the bridge. ,"a barge hit on the U.S. 68 Tennessee River/Kentucky Lake Eggners Ferry Bridge. The barge just scraped the pier, so no damage.",Closure for few hours until inspected safe.,,https://content.govdelivery.com/accounts/KYTC/bulletins/2f96822,,
81,Sherman Minton Bridge,"Kentucky, USA","38.2784556, -85.8220389","Comprehensive repairs including structural steel rehabilitation, replacement of hanger cables, deck replacement, drainage improvements, lighting upgrades, and repainting. Updated inspection regime, Monitoring systems installation",January 2020,Vessel collision,Unknown,Barge struck the protective fender around a pier. No structural damage but required immediate inspection.,A four-day closure was observed at the bridge.,N/A,https://www.lpm.org/news/2009-02-05/vessel-hits-bridge-temporarily-averts-traffic,,
82,Penecostal Bridge,"Missouri, USA","38.48899781482002, -92.05245620025445",,January 2020,Overloaded truck,Bridge collapses as semi-truck hauling 4 times the weight limit crosses it,The bridge collapsed into the Maries River as the truck began crossing the one-lane bridge.,Traffic was rerouted.,,"https://krcgtv.com/news/local/osage-county-sheriff-bridge-collapses-near-westphalia https://www.gasconadecountyrepublican.com/stories/westphalia-pentecostal-bridge-collapses,32925",,
83,Pomeroy–Mason Bridge,"Ohio, USA","39.013361, -82.041630",Regular reviews of safety barriers and emergency response protocols remain key to preventing future collisions,"February 13, 2020",Vessel collision,Possibly due to loose barges,One barge hit a bridge pillar on the Pomeroy side and continued floating downriver. No damage to the bridge.,Temporary closure for few hours,,https://www.wsaz.com/content/news/Pomeroy-Mason-bridge-closed-due-to-loose-barge-567859961.html,,
84,"U.S. 45 ""Brookport"" Bridge","Kentucky, USA","37.115841, -88.628847","Routine Structural Monitoring, Frequent Fender/Dolphin System Evaluations","February 23, 2020",Vessel collision,Not specified,A tow boat that was pushing 8 empty barges scraped a pier on the main Kentucky side of the structure. The scrape was minor.,Closed for few hours.,,https://www.kfvs12.com/2020/02/23/barge-strike-reported-us-ohio-river-brookport-bridge/,,
85,Luling Bridge,"Louisiana, USA","30.010746, -90.376412","Post-strike bridge inspections, Safety reviews of tow protocols, and Enhanced river regulation and navigation controls.","March 1, 2020",Vessel collision,The tugboat pilot's ineffective actions in countering the strong current.,"A tugboat on the Mississippi River collided with the Luling Bridge in St. Charles Parish. The vessel was leading a train of grain barges when it crashed into the bridge, causing two of the barges to collide. So far, officials have said that the incident has not caused any injuries.",,N/A,https://www.offshoreinjuryfirm.com/news/2020/tugboat-crashes-into-luling-bridge-on-mississipp/,,
86,M-30 roadway,"Michigan, USA","43.806672864224026, -84.38632837936527",,1 May 2020,Flood,Dam failure and flood caused the damage.,"M-30 roadway over the Tittabawassee River suffered damage to the piers, railing of the bridge, and the bridge approach was washed away due to rapid water flow.",,$1.2M,https://www.michigan.gov/whitmer/news/press-releases/2022/08/31/whitmer-secures-millions-for-road-and-bridge-repairs-following-historic-flooding-and-dam-failure,,
87,Railroad bridge on Lake Cayuga,"New York, USA","42.955341, -79.862690",Unspecified,"June 19, 2020",Vessel collision,Boat operator under the influence of alcohol,"An incident involved the boat colliding with a railroad bridge, resulting in extensive damage to the boat.",,N/A,https://www.fingerlakes1.com/2020/06/19/update-water-rescue-teams-respond-to-cayuga-lake/,,
88,I‑24 Bridge over Nickajack Lake,"Tennesse, USA","35.027110, -85.564047",The bridge was promptly inspected and found to be structurally sound. Only the navigation-light fixture bracing required replacement—cosmetic damage was minor.,"July 7, 2020",Vessel collision,Not specified,A barge carrying the iconic Coca-Cola stage from Riverbends past crashed into the Interstate 24 bridge in Marion County.,Temporary closure,,https://newschannel9.com/news/local/marion-co-sheriff-coke-stage-collapses-after-hitting-i-24-bridge-on-tennessee-river,,
89,Cumberland River Bridge,"Kentucky, USA","36.190400, -86.690592","The new bridge is longer, wider, and features improved safety measures like wider driving lanes and emergency shoulders. It also eliminates the need for piers in the river, eliminating an obstruction for river traffic.","July 19, 2020",Vessel collision,Barge broke loose,A loaded rock barge hit a pier of the Cumberland River bridge. No damage but it was still replaced.,,$63.6M,https://www.waterwaysjournal.net/2020/07/27/no-damage-after-barge-hits-cumberland-bridge/,,
,Union Pacific Salt River Bridge,"Arizona, USA","33.433635, -111.943962",,"July 29, 2020",Fire,Traind derailment,Freight train derailment on the bridge led to fire among tank cars carrying chemicals. A portion of the century-old bridge collapsed. A prior derailment had occurred on June 26 at the same bridge.,,$11M,,,
90,"Douglas Bridge, Juneau","Alaska, USA","58.299145, -134.429352","Quick and multi-stage inspections confirmed no structural damage, only minor surface harm. Targeted repairs (grouting) were conducted to protect bridge materials against weather. Safety practices were reinforced.",6 August 2020,Vessel collision,High water level,A steel crane jutting up in the air as the barge failed to clear the underside of the steel and concrete span. The crane whip-sawed upward after it dragged along the underside of the bridge.,There was no damage reported to the vessel or the bridge,,A barge carrying a crane hit the underside of Juneau's Douglas Bridge,,
91,Peter P. Cobb Memorial Bridge,"Florida, USA","27.305854, -80.315937","After the incident, the bridge’s protective fendering was repaired, with nearly $650,000 in damage addressed to restore the bridge’s protective barrier. Mandatory Use of All Navigational Resource.",19 August 2020,Vessel collision,Strong current and improper planning by teh Pilot,The 230-foot barge Cole carrying dredge material hit the bridge’s eastside protective fendering and thereby damaging the fender.,,$650000 to repair the fender,NTSB notes inadequate navigational assessment in Fla. bridge strike – Professional Mariner,,
92,Pensacola Bay Bridge,"Florida, USA","30.394141007046915, -87.18533520257309",,"September 18, 2020",Hurricane,The Pensacola Bay Bridge (also known as the Three Mile Bridge) suffered significant damage during Hurricane Sally in September 2020 due to a barge and crane that broke free and collided with the bridge.,"The damage resulted in an extended closure of the bridge, impacting local businesses and commuters.","The damage resulted in an extended closure of the bridge, impacting local businesses and commuters.","The initial replacement project was budgeted at $430 million, but the hurricane-related damage caused by barges breaking loose and impacting the structure resulted in increased costs and delays.",A portion of Pensacola's Three Mile Bridge is missing after Hurricane Sally. Here's what we know,,
93,Barataria Bridge,"Louisiana, USA","29.597608, -90.725420",DOTD installed and repaired fender lights and restored protective fender structures to meet navigational safety requirements,22 November 2020,Vessel collision,A corner of the bridge’s swing span was protruding outside of its protective fendering into the navigable channel after recently attempted repairs to the limit switch system that controlled the swing span’s rotation limit.,"The towing vessels Trent Joseph and George C were towing two barges southbound in the Barataria Waterway. While passing through the open Barataria Bridge, the second barge contacted the bridge’s swing span.",Unstable for few days.,"$500,000",NTSB Determines Cause of Tow Accident with the Barataria Bridge in Louisiana,,
94,Tower Bridge,"California, USA","38.580556, -121.508333",Review or reinforcement of protective systems and navigation infrastructure; Strengthened communication protocols with vessel operators; Increased monitoring and vigilance on the river;,2020,Vessel collision,Captain lost control of the vessel,A boat capsized and collided with the Tower Bridge's center support structure. The boat operator was rescued from the water. No serious damage to the bridge.,Closure for few hours,N/A,"https://www.abc10.com/article/news/local/sacramento/boat-capsized-rescue/103-8b204654-699a-4e16-973e-7bc9d4a0aa7d#:~:text=The%20boat%20operator%20was%20rescued,support%20structure%20on%20the%20bridge.",,
95,Peoria and Pekin Union Railway Bridge,"Illinois, USA","40.667674, -89.611434","Bridge remained structurally sound after inspection. The incident led to reinforced communication protocols, lookout assignments, and crew training for bridge transits.",7 January 2019,Vessel collision,Miscalculation by the pilot led to collision of barge onto the bridgge pier.,"A towboat pushing two barges on the Illinois River struck a descending lift bridge near downtown Peoria, Ill., tearing off the vessel’s pilothouse.","No major damage was caused, hence service wasn't disrupted.",,Bridge strike on Illinois River tears off towboat’s pilothouse – Professional Mariner,,
96,Liberty Bridge and the Port Authority Transit Bridge.,"Pennsylvania, USA","40.433711, -79.997015","While no major damage occurred in this case, structural protection enhancements (e.g., fender systems, pier guards) were evaluated for key bridge piers.","January 21, 2019",Vessel collision,Loose barge,"12 barges hauling coal broke loose in the early morning hours of Monday, floating down the Mon River in the dark, and striking the Liberty Bridge and the Port Authority Transit Bridge.",Temporary closure,,https://www.cbsnews.com/pittsburgh/news/runaway-barges-monongahela-river-closed-bridges/,,
97,Shave Bridge,"Florida, USA","30.627078, -81.485233",Evaluating the condition of protective structures (fender systems) surrounding bridge piers to verify they can absorb future impacts.,23 January 2019,Vessel collision,The barge did not have its equipment lowered as it crossed the bridge.,"Barge hits Shave Bridge, minor damage reported.",NMinor cosmetic damage so no disruption.,N/A,https://www.news4jax.com/news/2019/01/23/barge-hits-shave-bridge-minor-damage-reported/,,
98,Dale Bend Bridge,"Arkansas, USA","35.07724714218518, -93.2411961307142",,30 January 2019,Vehicle collision,"A historic bridge north of Ola was destroyed Wednesday when a semi drove over it, and the bridge collapsed. The truck was determined to weigh approximately 40 tons and the old iron bridge on Dale Bend Road had a posted weight limit of six tons.","The bridge partially collapsed at first, taking the semi into the river with it. By Thursday morning, the rest of the bridge had fully collapsed into the river.","Following the incident, the bridge was closed and the truck and trailer remained partially submerged in the river while officials began to plan how it could be removed.","The cost to repair the Dale Bend Bridge after the collapse is estimated to be over $1 million, with potential for cost reduction if a center pier is feasible.",https://www.5newsonline.com/article/news/local/outreach/back-to-school/1930-yell-county-bridge-collapses-as-semi-tries-to-cross-it/527-b194c9ce-9282-4f0a-bad1-800b4a8bf8d7 https://www.rivervalleynow.com/local_news/semi-recovered-following-january-bridge-collapse-on-dale-bend-road/article_9de1f7d2-bea7-11e9-b648-c345910fa2a8.html,,
99,Huey P. Long Bridge,"New Orleans, USA","29.944146, -90.168922","Quick closure and thorough inspections by DOTD, railroad, and Coast Guard ensured bridge safety. Post-event measures emphasized protocol reinforcement, navigational safety, and multi-agency coordination.","February 1, 2019",Vessel collision,High water level,"The antenna from a passing boat struck the bridge, and the damage appears to be cosmetic.",The bridge was closed for few hours.,N/A,https://www.wbrz.com/news/huey-p-long-bridge-in-new-orleans-closed-hit-by-vessel-antenna/,,
100,Archers Creek Bridge,"South Carolina, USA","32.362331, -80.713045",,"February 24, 2019",Vessel collision,Under the influence driving,A fatal boat crash took the life of a person when the driver allegedly collided with a bridge. The boat struck one of the pilings of the bridge.,,,https://www.cbsnews.com/pictures/mallory-beach-boat-crash-death-alex-murdaugh-family/,,
101,Norfolk Railway bridge,"Alabama, USA","34.618161, -86.980620",The Norfolk Southern Railway Bridge's fendering system was evaluated and reinforced to better absorb impacts and protect the bridge structure from future collisions.,"March 10, 2019",Vessel collision,The probable cause was the pilot's decision to navigate through a poorly aligned bridge using an unfamiliar vessel during high water and a strong current," Ssix loaded barges, contacted the Norfolk Southern railway bridge near Jackson, Alabama. As a result, a bridge support was shifted out of position, and the tracks above deflected. ",Suspended for 27 hours until further repair was made,N/A,chrome-extension://efaidnbmnnnibpcajpcglclefindmkaj/https://safety4sea.com/wp-content/uploads/2020/03/NTSB-Contact-of-Towing-Vessel-Rivers-Wilson-and-Tow-with-Norfolk-Southern-Railway-Bridge-2020_03.pdf,,
102,US 70 Bridge near New Johnsonville,"Tennesse, USA","34.235366, -93.753498",The bridge was inspected safe and had no damage but no preventive measures are specified.,"March 14, 2019",Vessel collision,Loose barge,Loose barge hit US 70 Bridge near New Johnsonville,The bridge was temporarily closed at Highway 70 while crews worked to determine if there was any structural damage.,,https://www.wbbjtv.com/2019/03/14/barge-hits-bridge-near-new-johnsonville/,,
103,Atchafalaya bridge,"Louisiana, USA","30.365729, -91.638312",Immediate actions and long-term preventive measures were implemented to protect the bridge and improve the safety of future transits such as the fender systems.,"April 24, 2019",Vessel collision,The captain lost control of the tow and the bridge too took more time to open than usual.,The captain lost control of the tow and the 200-foot Terral 2 hit the bridge in several places,,"$500,000",https://professionalmariner.com/ntsb-cites-lack-of-decision-point-in-atchafalaya-bridge-strike/,,
104,John T. Brooks Bridge,"Florida, USA","30.402396306303444, -86.601300",The new bridge design incorporated a more robust fender system to better protect the bridge from vessel impacts. The replacement bridge features a skewed 275-foot spliced girder main span to avoid conflicts with existing structures and to improve resilience against vessel collisions. Increased Clearance.,"April 27, 2019",Vessel collision,"The barge was carrying two large smokestacks, which were reportedly very tall and close to the bridge as it passed underneath.",A barge hit the fender surrounding a set of pilings at Brooks Bridge on U.S. Highway 98 between Fort Walton Beach and Okaloosa Island. No damage.,Temporarily closed until investigation was done.,N/A,https://www.nwfdailynews.com/story/news/2019/05/13/brooks-bridge-fender-struck-by-barge-photos/5172604007/,,
105,Eads Bridge,"Missouri, USA","38.62891, -90.17893","While the Eads Bridge itself did not sustain damage in the 2019 incident, the event prompted a reevaluation of safety measures and navigational practices in the area to protect both infrastructure and personnel.","May 2, 2019",Vessel collision,Possibly due to rising floodwaters.,A towboat struck the Eads Bridge. The Coast Guard closed a portion of the Mississippi to all vessel traffic from mile marker 179 to 184 due to extremely high water levels and fast-moving currents. No damage to the bridge.,"The USCG closed the Mississippi to vessel traffic between mile markers 179 and 184, a stretch of river that includes the Eads Bridge until the water level went down.",N/A,https://professionalmariner.com/video-towboats-pilothouse-crushed-in-st-louis-bridge-strike/ https://maritime-executive.com/article/video-towboat-strikes-st-louis-historic-eads-bridge,,
106,Benicia Bridge,"California, USA","38.039013, -122.118810",Unspecified,"July 5, 2019",Vessel collision,Not confirmed,A boat has struck a bridge piling on a train trestle belonging to Union Pacific Railroad next to the Benicia bridge.,,N/A,https://www.ktvu.com/news/vessel-collides-with-bridge-piling-in-benicia,,
107,"Florence Bridge,","Illinois, USA","39.634002, -90.608043","The proposed new bridge would feature wider traffic lanes and shoulders to better accommodate farm implements and bicyclists. Additionally, it would increase the width and vertical clearance of the river navigation span, enhancing safety for river traffic and eliminating the need for around-the-clock lift operators.","June 20, 2019",Vessel collision,High water level,Several barges struck a portion of the pier and a section of the bridge.  The inspection found at least two cracks in the bridge’s north truss.,,,https://www.myjournalcourier.com/news/article/Florence-Bridge-closed-after-barge-accident-14046851.php,,
108,Northwood bridge,"North Dakota, USA","47.717567417325654, -97.60746172074624",,"July 22, 2019",Vehicle overload,The bridge collapsed after a tractor-trailer hauling beans and exceeding the weight limit drove over it,The collapse resulted in the truck becoming partially submerged.,,$1M,https://www.nbcnews.com/news/us-news/too-heavy-big-rig-collapses-100-year-old-bridge-north-n1032676,,
109,Interstate 10 Bridge,"Texas, USA","29.792853, -95.061564",The existing bridges will be replaced with a new structure that will feature more lanes and a higher vertical clearance. Construction is slated to begin in 2027 and is estimated to take five years,"September 19, 2019",Vessel collision,"This incident was caused by the extreme rise and flow of water in the San Jacinto River, resulting from a historic rainfall event associated with Tropical Storm Imelda.",Six barges struck pier columns supporting the bridge.,,5.11M,https://www.marinelog.com/news/ntsb-reports-on-multiple-barge-breakaway-that-closed-i-10-bridge/,,
110,Bill Emerson Memorial Bridge,"Missouri, USA","37.295522, -89.515848",There is no indication that the NTSB conducted a formal investigation or issued post‑incident safety recommendations f,"November 16, 2019",Vessel collision,Mechanical failure,"A barge hit the Bill Emerson Memorial Bridge. The barge was pinned against the pier side-wise, putting a large amount to the river’s pressure on the pier.

",Closed for few days until inspected safe.,N/A,https://www.kfvs12.com/2019/11/16/barge-hits-bill-emerson-memorial-bridge/,,
111,Old Bonner Bridge,"North Carolina, USA","35.766877, -75.526933","There’s no public record of any direct remedial action taken to reinforce, inspect, or modify bridge structures post-accident","November 19, 2019",Vessel collision,The incident occurred during a significant coastal storm event while the tugboat was attempting to recover loose work barges.,"The semi-submerged tugboat Miss Bonnie sits in the water after alliding with the Old Bonner Bridge and is responsible for the potential maximum discharge of 6,000 gallons of diesel",,,https://www.marinelog.com/inland-coastal/coastal/uscg-responds-to-discharge-from-tug-that-hit-bridge/,,
112,Clark Memorial Bridge,"Kentucky, USA","38.263589, -85.75137",Railing replacement and structural fixes during partial closures,"December 26, 2018",Vessel collision,"A combination of high water, a large amount of debris in the river, and operator error.",,The Ohio River was closed to traffic from Twelve Mile Island to McAlpine Lock and Dam due to the accident.,,https://www.whas11.com/article/news/local/2nd-street-bridge-shut-down-after-possible-barge-strike/417-93fced9a-e404-4a7b-b887-b2ac5599313f,,
113,FIU Pedestrian Bridge,"Miami, Florida- USA","25.757065774588114, -80.375394048814",,"March 15, 2018",Structure failure,"The resistance to sliding was miscalculated, and thus insufficient to prevent the connection from sliding, causing cracks in the truss concrete. As the cracking enlarged, it ultimately caused the complete disconnection of one of the truss-to-walkway connections, leading to the collapse.","The barge was pinned against the pier side-wise, putting a large amount to the river’s pressure on the pier.",,"The replacement of the Florida International University pedestrian bridge, following the 2018 collapse, is estimated to cost $18.2 million for construction, with an additional $38 million for the overall project, including design and other costs.",Florida International University pedestrian bridge collapse - Wikipedia,"In June 2019, OSHA released its final report on the FIU bridge collapse[2] and concluded FIGG Bridge Engineers failed to recognize collapse was imminent when they inspected the bridge hours earlier. They also concluded the bridge had structural design deficiencies, severe cracks were wrongly ignored by the Engineer of Record and warranted street closure, and contract bridge design experts violated basic FDOT construction requirements.",
114,Winona Highway 43 Bridge,"Minnesota, USA","43.803256, -91.753177","The bridge was intentionally designed to withstand barge collisions. Engineers built it upstream and intentionally factored in vessel impact forces, traffic flow, and loads during the design phase",July 2018,Vessel collision,High current,"Minnesota Highway 43 was struck recently by a barge going downriver on, but performed as it was designed to do",It was never shut down.,N/A,https://www.equipmentworld.com/roadbuilding/article/14969860/barge-crashes-into-new-minnesota-winona-bridge,,
115,US‑89 Bridge near Livingston,"Montana, USA","45.717975, -110.467406",New weight restrictions to limit load stress were implemented.,July 2018,Vessel collision,A family’s drift boat colliding into a bridge pylon and capsizing.,Boat collided into bridge in fatal accident. No damage.,No closure,N/A,https://apnews.com/general-news-343bfcf4af4c4b45acc74837b9628204,,
116,Sunshine Bridge,"Louisiana, USA","30.247815, -90.898005",Replaced the damaged bottom chord and returned the bridge to traffic within 45 days of the incident.,October 2018,Vessel collision,"Inadequate voyage planning and watch turnover between the captain and pilot, resulting in the pilot transiting beneath the bridge’s west span instead of its channel span.","A crane barge pushed by MV Kristin Alexis struck the westbound span, causing severe structural damage to a main load-bearing component.","The bridge was completely closed to vehicular traffic for 49 days while repairs were made, which resulted in significant traffic impacts.",$6.7M,https://www.marinelog.com/inland-coastal/inland/ntsb-reports-on-2018-sunshine-bridge-allision/,,
117,FM 2900 bridge,"Texas, USA","30.658763426959613, -98.42976184845853",,October 2018,Flood,"Floodwaters rushed through the Llano River at Kingsland, causing the FM 2900 bridge to collapse and wash away.",The bridge connected two sides of Kingsland and the loss caused problems for its residents since what had once been a five- to 10-minute drive took about 45 minutes.,Few months of detour.,17.3M,https://www.kvue.com/article/weather/llano-river-flood-of-october-2018-kingsland-fm2900-bridge/269-5aa39110-6ed7-46f0-9ab8-b71e78a091f4,,
118,Matthew E. Welsh Memorial Bridge,"Indiana, USA","38.016891, -86.197365",Not specified,2018,Vessel collision,,Minor barge hit: no substantial damage.,,,https://www.wishtv.com/news/i-team-8/some-indiana-bridges-face-risk-from-commercial-water-traffic-but-overall-danger-low/,,
119,Pfeiffer Canyon Bridge,"California, USA","36.23975564784205, -121.7750266634919","A new single‑span steel plate girder bridge without intermediate supports, directly addressing landslide-caused pier vulnerabilities",February 2017,Landslide,One of the main support columns of the previous Pfeiffer Canyon Bridge collapsed in February from a landslide triggered by heavy rainfall.,"The landslide displaced a support column, leading to the bridge's closure and subsequent demolition. The collapse isolated the southern portion of Big Sur, impacting residents, businesses, and tourism.",The bridge was demolished in March. That cut off access to Big Sur via Highway 1 from the north.,"The repair of the Pfeiffer Canyon Bridge, following its collapse due to a landslide, cost $24 million. This included the demolition of the damaged bridge and the construction of a new one, completed in October 2017",Big news for Big Sur: Pfeiffer Canyon Bridge rebuilt: Travel Weekly,,
,Glenn Highway,"Alaska, USA","61.794112, -147.675647",,"March 22, 2018",Vehicle collision,A semi-trailer crashed into the South Eagle River Overpass.,,,1.8M,https://www.webcenterfairbanks.com/content/news/Semi-trailer-accident-causes-18-million-in-damage-on-Alaskas-busiest-highway-477707333.html,,
120,I‑85 Viaduct,"Atlanta, Georgia - USA","35.04156722791926, -81.90369804637709",,"March 30, 2017",Fire,"A massive fire collapsed a section of the I-85 freeway viaduct in Atlanta, Georgia, stranding motorists for miles during rush hour traffic.","Excessive heat had caused the loss of pretension of the bridge reinforcement bars, and the bridge spans exhibited delamination and cracking throughout the bottom flanges.",I-85 was closed to traffic for 43 days between its split with I-75 and the interchange with State Route 400 (SR 400) — approximately two miles (3 km).,$5 million,https://www.bridgeweb.com/Inspectors-report-on-I-85-bridge-collapse/4648  https://en.wikipedia.org/wiki/Interstate_85_bridge_collapse?utm_source=chatgpt.com,,
121,Interstate 205 Bridge,"Washington, USA","45.581102, -122.583831",Boating speed limits and life jacket usage—were reinforced to protect both navigational and road users.,"May 22, 2017",Vessel collision,Not known,"A woman was killed after her boat rammed into one of the pylons under the Interstate 205 Bridge Monday night. The boat, an 18-20 foot pleasure craft of some kind, sank after hitting the pylon.",,,Woman killed when boat strikes Interstate 205 Bridge - The Columbianks-below-interstate-205-bridge/,,
122,Stillwater Life Bridge,"Minnesota, USA","45.056532, -92.803649","MnDOT already enforces a strict lift schedule, personnel monitoring marine radios, and a protocol for boaters to call 24 hours in advance outside normal seasons",June 2017,Vessel collision,,The upper portion of a 37-foot boat was sheared off when it hit the bridge.The upper portion of a 37-foot boat was sheared off when it hit the bridge.,Closed until inspected safe.,N/A,https://www.cbsnews.com/minnesota/news/stillwater-lift-bridge-crash/,,
123,Ray Nitschke Memorial (Main Street) Bridge,"Wisconsin, USA","44.518651, -88.016124",Fender and dock repairs; enhanced navigation caution messages,July 2017,Vessel collision,High current ,Great Lakes freighter backing out of the Fox River struck a moored powerboat and ran into a drawbridge in downtown Green Bay. A bridge gangway on the fendering and docks along the river also were damaged.,4 hours closure,N/A,https://professionalmariner.com/great-lakes-bulker-hits-docked-powerboat-bridge-in-green-bay/,,
124,Sykes Creek Bridge,"Florida, USA","28.37232690533123, -80.67683767435496",,September 2017,Hurricane,"The storm caused severe erosion and scouring around the bridge's support pilings, leading to concerns about its stability and potential collapse.",The pilings holding up the bridge washed out.,The Army Corps of Engineers made temporary repairs to stabilize the bridge before a new one would ultimately replace it.,$5M,https://www.floridatoday.com/story/news/2017/09/22/irma-leaves-sykes-creek-bridge-limbo/693985001/ https://www.clickorlando.com/news/local/2024/07/26/construction-starts-to-replace-merritt-island-bridge-closed-since-2017-hurricane/,,
125,St. Paul Union Pacific Rail Swing Bridge,"Minnesota, USA","44.923907, -93.050597","The NTSB recommended that bridge owners assess and upgrade fendering systems to better withstand impacts from vessels, reducing the risk of structural damage and ensuring continued safe operation of the bridge.",October 2017,Vessel collision,Inexperienced pilot who incorrectly positioned the tow prior to maneuvering through a turn with a following current when approaching the bridge span.,The lead barge on the port side struck a fixed pier of the swing bridge.,,"$800,000",https://trid.trb.org/View/1567295,,
126,Holliday Bridge,"Indiana, USA","39.98150417052457, -86.27266663097234",,December 2017,Vehicle collision,"The tractor hit the bridge, causing it to collapse. The driver of the tractor told deputies that he didn't realize his attachment was wider than the bridge when he tried to cross.","A tractor tried to pass over Holliday Bridge, north of Zionsville. The bridge collapsed into a pile of twisted metal as a tractor was crossing the span.",,,https://www.wthr.com/article/news/local/boone-county-bridge-collapses-as-tractor-crosses/531-69c28de6-5525-4374-ac0e-55cbb2fdcc80 https://fox59.com/news/collapsed-historic-bridge-coming-down-while-long-term-solution-is-found/,,
127,Helena Highway Bridge,"Arkansas, USA","34.496752, -90.587671","Enhanced Navigational Training and Procedures, Improved Safety Management Systems (SMS), Enhanced Bridge and Waterway Monitoring

",January 2016,Vessel collision,High current and swollen Mississippi River caused barges to break loose.,"A towboat pushing barges struck a pier of the Helena Highway Bridge, sending four barges traveling free",No damage was recorded.,,https://www.ualrpublicradio.org/local-regional-news/2016-01-12/towboat-accidents-on-swollen-mississippi-river-set-barges-free ,,
128,North Landing (Centerville) Drawbridge,Virginia - USA,"36.719978, -76.100160",Completed repairs on damaged gear teeth and steel girders caused during a barge accident June 4.,March 2016,Vessel collision,Unknown,"A barge traveling the Intracoastal Waterway in Chesapeake, Va. struck the Centerville Turnpike Bridge early Saturday morning, damaging the bridge and shutting down traffic. According to Chesapeake Roads, the bridge became stuck in the open position because of damage suffered in the strike. ",6 months closure. The Centerville Turnpike Bridge underwent a major reconstruction project that wrapped up in February 2020.,N/A,https://www.chesapeakebaymagazine.com/va-drawbridge-stuck-open-after-barge-strike/,,
129,May Avenue bridge,"Oklahoma, USA","35.480174913488895, -97.5792450629891",,May 2016,Vehicle collision,"The collapse occurred when a semi-truck hauling a boom lift collided with the bridge, causing the northbound lanes to fall onto Northwest Expressway.","The bridge collapsed in 2016 after a truck carrying construction equipment hit it and destroyed three beams. While the collapse was significant, fortunately, no injuries were reported. While the collapse was significant, fortunately, no injuries were reported.","City officials estimated that the repair work, which involved replacing damaged beams and the bridge deck, would take two to three months.","The cost to repair the May Avenue bridge after the 2016 collapse was $575,823.28.",City seeks input on May Avenue bridge project after 2016 collapse,,
130,Hopple Street Overpass over I-75 Southbound,"Cincinnati, Ohio - USA","39.15593368901382, -84.5369345912611",,"January 19, 2015",Structure failure,"The Hopple Street exit ramp collapsed onto I-75 S on January 19, 2015 during demolition at approximately 10:30 PM. ","As the center span collapsed, a semi truck crashed into the debris, injuring the driver. Demolition had been halted earlier in the week due to concerns about the upward deflection of some steel girders and inadequate remedial measures were put in place. One foreman was killed and the excavator operator was injured. ","The collapse occurred during demolition work, specifically when concrete was being removed from the bridge deck. The incident led to the closure of I-75 Southbound and prompted investigations into the cause of the collapse.","The cost to repair the Hopple Street Overpass over I-75 Southbound, following the collapse of an exit ramp during construction, was $91.6 million.",https://www.cincinnati.com/story/news/2015/10/19/hopple-st-rebuild-time-mostly-budget/74228880/,,
131,Claiborne Pell (Newport) Bridge,"Rhode Island, USA","41.503779, -71.342267",Not specified,"February, 2015",Vessel collision,High winds from the blizzard Juno,One of the four industrial lines that anchor the barge became unstrapped and caused the barge to move during low tide. It struck one of the bridge’s eastern piers outside the navigation channel. No damage.,,N/A,https://www.jamestownpress.com/articles/no-damage-to-bridge-following-collision-with-loosened-barge/?utm_source=chatgpt.com,,
132,Thebes Railroad Bridge,"Illinois, USA","37.216697, -89.467036",Bridge owners reviewed and upgraded fendering systems to better absorb vessel impacts and reduce risk of structural damage during accidental collisions.,"July 7, 2015",Vessel collision,Strong current,A barge sank Saturday on the Mississippi River after the towboat that was guiding it struck a railroad bridge. Bridge was not damaged.,,,https://professionalmariner.com/barge-breaks-free-sinks-after-towboat-hits-illinois-bridge/,,
133,Foley Beach Express bridge,"Alabama, USA","30.295082, -87.631552","The damaged fender system, which serves as a protective barrier for the bridge piers, was repaired to restore its functionality and protect the bridge from future maritime impacts.","July 8, 2015",Vessel collision,"The barge struck a ""fender system"" around a piling on the south side of the span.","The fender system is basically a wood structure with steel beams around the piling and (the barge) knocked out about 60 foot of it, so it was a pretty good impact on that.",No damage was recorded but the toll bridge was closed early.,,https://www.al.com/news/mobile/2015/07/foley_beach_express_bridge_clo.html,,
134,I‑10 “Tex Wash” Overpass," California, USA","33.65026790562066, -115.17002146195865",,"July 19, 2015",Floods,"The Tex Wash Bridge on Interstate 10 (I-10) in Riverside County, California, collapsed due to a severe rainstorm. The collapse, which occurred during an intense rainstorm, caused the closure of I-10 between Coachella and Blythe, impacting traffic between California and Arizona.","The storm was extremely rare and powerful, but its destructive force was magnified by critical flaws in the design of the bridge, according to an engineering expert's new study of the bridge failure.","A detour was established, and the bridge was replaced using precast concrete and an accelerated bridge construction strategy.","The I-10 ""Tex Wash"" overpass collapse repair cost was $5 million. This cost covered the demolition of the damaged eastbound span and the construction of a new 105-foot replacement bridge using Accelerated Bridge Construction (ABC) methods.",Doomed to Fail: The fatal flaws of the Tex Wash Bridge,,
135,Surf City Swing Bridge,"North Carolina, USA","34.431314, -77.549637","NCDOT began repairs to the damaged fender system on August 17, 2015. The work was scheduled to continue until October 23, 2015, with minimal disruptions to vehicular traffic.","July 19, 2015",Vessel collision,"A combination of wind, current, and over-correction by the boat operator may have led to the accident.",A tug boat pushing a barge ran into the structure.  A tug boat pushing a barge ran into the structure.,,,https://www.wect.com/story/29582333/barge-strikes-surf-city-swing-bridge-damages-fender-system/,,
136,Bob White covered bridge,Virginia - USA,"36.77923578183849, -80.24803218927272",,29 September 2015,Floods,"The Bob White Covered Bridge in Patrick County, Virginia, was destroyed by severe flooding in September 2015. The 80-foot bridge, built in 1921, was washed away entirely, leaving only the bridge supports remaining.","The bridge washed away and was destroyed in major flooding on September 29, 2015",,N/A,Bob White Covered Bridge - Wikipedia,,
137,State Road 528 bridge,"Florida, USA","28.452299, -81.050969","While the bridge structure remained undamaged, the fender system sustained damage. FDOT initiated repairs to the fender system to restore its protective function and prevent future incidents.","October 23, 2015",Vessel collision,"The crane on the barge was too high and struck the bridge girders on both the eastbound and westbound spans, causing some concrete to break off and fall into the Indian River. The","The barge struck the bridge that spans over the Indian River. An inspection of the bridge determined the eastbound side, which is concrete, had scraping, with some small portions of concrete coming loose.",Temporarily closed.,N/A,https://www.floridatoday.com/story/news/local/2015/10/23/reports-barge-strikes-state-road-528-bridge/74449602/,,
,Oxbow Bridge ,"Arizona, USA","44.6991, -73.605",,"August 1, 2025",Fire,A 5- acre fire spread to the Oxbow Bridge which collapsed into the Colorado River. ,"The bridge has some remains left in the Colorado River, but it's completely impassible.",,N/A, https://www.yahoo.com/news/articles/no-saving-fire-destroys-oxbow-120257305.html,,
,White River bridge,"Washigton, USA","46.903, -121.554",,"August 18, 2025",Vehicle Collision ,A semitruck hit the White River Bridge causing the several panels in the bridge to distort. ,The horizontal and vertical compents of the bridge were damaged on all seven panels. ,,N/A, https://komonews.com/newsletter-daily/white-river-bridge-remains-closed-buckley-enumclaw-after-semi-truck-strike-damage-multiple-places    https://washingtonstatestandard.com/2025/08/28/bridge-closure-over-white-river-severs-a-critical-transportation-link-in-western-wa/ ,,
,Spirit Lake Outlet bridge,"Washigton, USA","46.28, -122.18",None specified. ,"May 14, 2023",landslide,Deposit from a past volcanic eruption led to debris flowing and washing out Spirit Lake Outlet Bridge. ,"The bridge was washed out and covered with mud, rock, ice, and water.",Closed until completed reconstruction. ,N/A,https://wsdot.wa.gov/construction-planning/search-projects/sr-504-south-coldwater-slide-spirit-lake-outlet-bridge-washout  ,,